{
  "code": 0,
  "msg": "", 
  "count": 24, 
  "data": [
		{"id":"1", "station": "<a href='javascript:;'><img lay-event='read' src='img/sms_unReaded.png'/></a>", "topic":"男", "operat": "看代码","time":"2019-09-05 20:20:20"},
		{"id":"2", "station": "<a href='javascript:;'><img lay-event='read' src='img/sms_unReaded.png'/></a>", "topic":"男", "operat": "卖萌","time":"2019-09-05 20:20:20"},
		{"id":"3", "station": "<a href='javascript:;'><img lay-event='read' src='img/sms_unReaded.png'/></a>", "topic":"男", "operat": "睡觉","time":"2019-09-05 20:20:20"},
		{"id":"4", "station": "<a href='javascript:;'><img lay-event='read' src='img/sms_unReaded.png'/></a>", "topic":"男", "operat": "请假","time":"2019-09-05 20:20:20"},
		{"id":"5", "station": "<a href='javascript:;'><img lay-event='read' src='img/sms_unReaded.png'/></a>", "topic":"男", "operat": "学习","time":"2019-09-05 20:20:20"},
		{"id":"6", "station": "<a href='javascript:;'><img lay-event='read' src='img/sms_unReaded.png'/></a>", "topic":"男", "operat": "分享","time":"2019-09-05 20:20:20"},
		{"id":"7", "station": "<a href='javascript:;'><img lay-event='read' src='img/sms_unReaded.png'/></a>", "topic":"男", "operat": "闷骚","time":"2019-09-05 20:20:20"},
		{"id":"8", "station": "<a href='javascript:;'><img lay-event='read' src='img/sms_unReaded.png'/></a>", "topic":"男", "operat": "假正经","time":"2019-09-05 20:20:20"},
		{"id":"9", "station": "<a href='javascript:;'><img lay-event='read' src='img/sms_unReaded.png'/></a>", "topic":"男", "operat": "短跑","time":"2019-09-05 20:20:20"},
		{"id":"10", "station": "<a href='javascript:;'><img lay-event='read' src='img/sms_unReaded.png'/></a>", "topic":"女", "operat": "学霸","time":"2019-09-05 20:20:20"},
		{"id":"11", "station": "<a href='javascript:;'><img lay-event='read' src='img/sms_unReaded.png'/></a>", "topic":"男", "operat": "学霸","time":"2019-09-05 20:20:20"},
		{"id":"12", "station": "<a href='javascript:;'><img lay-event='read' src='img/sms_unReaded.png'/></a>", "topic":"男", "operat": "抽烟,喝酒,烫头","time":"2019-09-05 20:20:20"},
		{"id":"13", "station": "<a href='javascript:;'><img lay-event='read' src='img/sms_unReaded.png'/></a>", "topic":"男", "operat": "喝酒","time":"2019-09-05 20:20:20"},
		{"id":"14", "station": "<a href='javascript:;'><img lay-event='read' src='img/sms_unReaded.png'/></a>", "topic":"男", "operat": "看小说","time":"2019-09-05 20:20:20"},
		{"id":"15", "station": "<a href='javascript:;'><img lay-event='read' src='img/sms_unReaded.png'/></a>", "topic":"男", "operat": "写代码","time":"2019-09-05 20:20:20"},
		{"id":"16", "station": "<a href='javascript:;'><img lay-event='read' src='img/sms_unReaded.png'/></a>", "topic":"男", "operat": "打扮什么的，主要是俊俏","time":"2019-09-05 20:20:20"},
		{"id":"17", "station": "<a href='javascript:;'><img lay-event='read' src='img/sms_unReaded.png'/></a>", "topic":"男", "operat": "技术大牛","time":"2019-09-05 20:20:20"},
		{"id":"18", "station": "<a href='javascript:;'><img lay-event='read' src='img/sms_unReaded.png'/></a>", "topic":"男", "operat": "--","time":"2019-09-05 20:20:20"},
		{"id":"19", "station": "<a href='javascript:;'><img lay-event='read' src='img/sms_unReaded.png'/></a>", "topic":"男", "operat": "--","time":"2019-09-05 20:20:20"},
		{"id":"20", "station": "<a href='javascript:;'><img lay-event='read' src='img/sms_unReaded.png'/></a>", "topic":"男", "operat": "--","time":"2019-09-05 20:20:20"},
		{"id":"21", "station": "<a href='javascript:;'><img lay-event='read' src='img/sms_unReaded.png'/></a>", "topic":"男", "operat": "虞姬","time":"2019-09-05 20:20:20"},
		{"id":"22", "station": "<a href='javascript:;'><img lay-event='read' src='img/sms_unReaded.png'/></a>", "topic":"男", "operat": "--","time":"2019-09-05 20:20:20"},
		{"id":"23", "station": "<a href='javascript:;'><img lay-event='read' src='img/sms_unReaded.png'/></a>", "topic":"男", "operat": "技术大牛","time":"2019-09-05 20:20:20"},
		{"id":"24", "station": "<a href='javascript:;'><img lay-event='read' src='img/sms_unReaded.png'/></a>", "topic":"男", "operat": "--","time":"2019-09-05 20:20:20"}
	]
}


